{
  "json_path": "body_typing",
  "shader": {
    "fragment_source_path": "shaders/texture.frag",
    "program_id": 15,
    "vertex_source_path": "shaders/texture.vert"
  },
  "texture": {
    "image_path": "textures/typing_body.png",
    "indices": [0, 1, 2, 2, 3, 0],
    "need_generate_mipmaps": false,
    "vertices": [-1.0, -0.5, 0.20000000298023224, 0.0, 1.0, 0.0, 0.9166666865348816, 0.3333333432674408, 1.0, -0.5, 0.20000000298023224, 0.0, 0.0, 0.0, 0.9583333730697632, 0.3333333432674408, 1.0, 0.5, 0.20000000298023224, 0.0, 0.0, 1.0, 0.9583333730697632, 0.6666666865348816, -1.0, 0.5, 0.20000000298023224, 0.0, 1.0, 0.0, 0.9166666865348816, 0.6666666865348816]
  },
  "transform": {
    "position": {
      "x": -0.11458331346511841,
      "y": 0.08661419153213501,
      "z": 0.20000000298023224
    },
    "rotation_angle": 0.0,
    "scale": {
      "x": 0.0763072520494461,
      "y": 0.0763072520494461,
      "z": 1.0
    }
  }
}