{"json_path":"chair","shader":{"fragment_source_path":"shaders/texture.frag","program_id":3,"vertex_source_path":"shaders/texture.vert"},"texture":{"image_path":"textures/chair.png","indices":[0,1,2,2,3,0],"need_generate_mipmaps":false,"vertices":[-1.0,-0.5,0.20000000298023224,0.0,1.0,0.0,0.0,0.0,1.0,-0.5,0.20000000298023224,0.0,0.0,0.0,1.0,0.0,1.0,0.5,0.20000000298023224,0.0,0.0,1.0,1.0,1.0,-1.0,0.5,0.20000000298023224,0.0,1.0,0.0,0.0,1.0]},"transform":{"position":{"x":-0.11666667461395264,"y":0.07677167654037476,"z":0.20999999344348907},"rotation_angle":0.0,"scale":{"x":0.1696985363960266,"y":0.18042658269405365,"z":1.0}}}