{"json_path":"computer_screen","shader":{"fragment_source_path":"shaders/texture.frag","program_id":12,"vertex_source_path":"shaders/texture.vert"},"texture":{"image_path":"textures/typing_computer_screen.png","indices":[0,1,2,2,3,0],"need_generate_mipmaps":false,"vertices":[-1.0,-0.5,0.20000000298023224,0.0,1.0,0.0,0.21739131212234497,1.0,1.0,-0.5,0.20000000298023224,0.0,0.0,0.0,0.239130437374115,1.0,1.0,0.5,0.20000000298023224,0.0,0.0,1.0,0.239130437374115,2.0,-1.0,0.5,0.20000000298023224,0.0,1.0,0.0,0.21739131212234497,2.0]},"transform":{"position":{"x":-0.1822916865348816,"y":0.13976377248764038,"z":0.20000000298023224},"rotation_angle":0.0,"scale":{"x":0.031675487756729126,"y":0.04998625069856644,"z":1.0}}}