{"json_path":"hands_typing","shader":{"fragment_source_path":"shaders/texture.frag","program_id":18,"vertex_source_path":"shaders/texture.vert"},"texture":{"image_path":"textures/typing_hands.png","indices":[0,1,2,2,3,0],"need_generate_mipmaps":false,"vertices":[-1.0,-0.5,0.20000000298023224,0.0,1.0,0.0,0.15000000596046448,0.5,1.0,-0.5,0.20000000298023224,0.0,0.0,0.0,0.17499999701976776,0.5,1.0,0.5,0.20000000298023224,0.0,0.0,1.0,0.17499999701976776,1.0,-1.0,0.5,0.20000000298023224,0.0,1.0,0.0,0.15000000596046448,1.0]},"transform":{"position":{"x":-0.14375001192092896,"y":0.09448820352554321,"z":0.10000000149011612},"rotation_angle":0.0,"scale":{"x":0.04798536002635956,"y":0.04798536002635956,"z":1.0}}}