{"json_path":"head","shader":{"fragment_source_path":"shaders/texture.frag","program_id":9,"vertex_source_path":"shaders/texture.vert"},"texture":{"image_path":"textures/head.png","indices":[0,1,2,2,3,0],"need_generate_mipmaps":false,"vertices":[-1.0,-0.5,0.20000000298023224,0.0,1.0,0.0,0.0,0.0,1.0,-0.5,0.20000000298023224,0.0,0.0,0.0,1.0,0.0,1.0,0.5,0.20000000298023224,0.0,0.0,1.0,1.0,1.0,-1.0,0.5,0.20000000298023224,0.0,1.0,0.0,0.0,1.0]},"transform":{"position":{"x":-0.11041665077209473,"y":0.08858269453048706,"z":0.4000000059604645},"rotation_angle":0.0,"scale":{"x":0.16516445577144623,"y":0.16516445577144623,"z":1.0}}}