{"json_path":"pants","shader":{"fragment_source_path":"shaders/texture.frag","program_id":6,"vertex_source_path":"shaders/texture.vert"},"texture":{"image_path":"textures/pants.png","indices":[0,1,2,2,3,0],"need_generate_mipmaps":false,"vertices":[-1.0,-0.5,0.20000000298023224,0.0,1.0,0.0,0.0,0.0,1.0,-0.5,0.20000000298023224,0.0,0.0,0.0,1.0,0.0,1.0,0.5,0.20000000298023224,0.0,0.0,1.0,1.0,1.0,-1.0,0.5,0.20000000298023224,0.0,1.0,0.0,0.0,1.0]},"transform":{"position":{"x":-0.11562502384185791,"y":0.0669291615486145,"z":0.23000000417232513},"rotation_angle":0.0,"scale":{"x":0.14831653237342834,"y":0.14831653237342834,"z":1.0}}}